1,Belawan - Medan,Belawan - Medan,1,1,3.79623980,98.71862959,1,0000-00-00 00:00:00,0,2016-01-31 11:58:43,15
2,Teluk Bayur - Padang,Teluk Bayur - Padang,2,1,-0.99749264,100.37234049,1,0000-00-00 00:00:00,0,2015-12-13 23:50:28,15
3,Panjang - Lampung,Panjang - Lampung,3,1,-5.46664684,105.31347874,1,0000-00-00 00:00:00,0,2015-12-13 23:50:40,15
4,Tanjung Priok - Jakarta,Tanjung Priok - Jakarta,6,1,-6.09631135,106.88499342,1,0000-00-00 00:00:00,0,2016-04-28 10:48:14,15
5,Tanjung Intan - Cilacap,Tanjung Intan - Cilacap,8,1,-7.73916881,108.98891423,1,0000-00-00 00:00:00,0,2015-12-13 23:45:13,15
6,Tanjung Mas - Semarang,Tanjung Mas - Semarang,7,1,-6.93952487,110.42057889,1,0000-00-00 00:00:00,0,2017-09-25 08:44:32,15
7,Tanjung Perak - Surabaya,Tanjung Perak - Surabaya,9,1,-7.19754062,112.73275476,1,0000-00-00 00:00:00,0,2017-09-25 08:54:18,15
8,Tenau - Kupang,Tenau - Kupang,10,1,-10.19604923,123.52548874,1,0000-00-00 00:00:00,0,2015-12-13 23:46:20,15
9,Dwikora - Pontianak,Dwikora - Pontianak,4,1,-0.02157246,109.34069879,1,0000-00-00 00:00:00,0,2016-09-20 09:23:12,15
10,Soekarno - Hatta - Makassar,Soekarno - Hatta - Makassar,12,1,-5.12202519,119.40396608,1,0000-00-00 00:00:00,0,2015-12-13 23:47:13,15
11,Kendari,Kendari,14,1,-3.97476083,122.58263729,1,0000-00-00 00:00:00,0,2017-05-05 14:04:23,15
12,Samudera - Bitung,Samudera - Bitung,11,1,1.43848505,125.19146058,1,0000-00-00 00:00:00,0,2016-04-30 07:59:08,15
13,Biak,Biak,13,1,-1.18718719,136.07521794,1,0000-00-00 00:00:00,0,2016-09-20 09:23:54,15
14,Batu Ampar - Batam,Batu Ampar - Batam,5,1,1.16858959,104.00032645,1,0000-00-00 00:00:00,0,2017-07-06 12:41:34,15
15,Yos Sudarso - Ambon,Yos Sudarso - Ambon,15,1,-3.69193213,128.17454105,1,0000-00-00 00:00:00,0,2015-12-13 23:48:03,15
17,Lhokseumawe - Aceh,Lhokseumawe - Aceh,1,2,5.16460735,97.15011442,0,0000-00-00 00:00:00,1,2015-12-22 00:21:57,15
16,Malahayati - Aceh,Malahayati - Aceh,1,2,5.60035583,95.52319676,1,0000-00-00 00:00:00,1,2016-09-20 14:48:05,15
362,Tual - Maluku Selatan,Tual - Maluku Selatan,15,4,-5.63261100,132.74123800,1,0000-00-00 00:00:00,1,2015-12-01 18:36:03,1
283,Waren - Waropen,Waren - Waropen,13,2,-2.19251700,136.42006300,0,0000-00-00 00:00:00,1,2015-12-08 19:33:10,15
282,Korido - Papua,Korido - Papua,13,2,-0.84115500,135.58558300,0,0000-00-00 00:00:00,1,2015-12-08 19:33:09,15
281,Samabusa - Nabire,Samabusa - Nabire,13,2,-3.23020200,135.57692300,0,0000-00-00 00:00:00,1,2015-12-08 19:33:07,15
280,Serui - Papua,Serui - Papua,13,2,-1.89549600,136.24552800,1,0000-00-00 00:00:00,1,2015-11-28 18:42:19,15
278,Jayapura,Jayapura,13,2,-2.54456149,140.71397329,1,0000-00-00 00:00:00,1,2016-12-30 10:33:40,15
276,Waipirit - Pulau Seram,Waipirit - Pulau Seram,15,2,-3.33772800,128.34034100,1,0000-00-00 00:00:00,1,2015-11-06 11:38:45,12
275,Wahai - Pulau Seram,Wahai - Pulau Seram,15,2,-2.78840300,129.49620200,0,0000-00-00 00:00:00,1,2015-12-08 19:36:02,12
274,Wonreli - Maluku Barat Daya,Wonreli - Maluku Barat Daya,15,2,-8.08055200,127.14319100,0,0000-00-00 00:00:00,1,2015-12-08 19:35:32,12
273,Saumlaki - Kepulauan Tanimbar,Saumlaki - Kepulauan Tanimbar,15,2,-7.97924800,131.28779600,0,0000-00-00 00:00:00,1,2015-12-08 19:35:27,12
272,Dobo - Kepulauan Aru,Dobo - Kepulauan Aru,15,2,-5.75944900,134.24075000,1,0000-00-00 00:00:00,1,2015-11-06 11:27:13,12
271,Tual - Pulau Kai,Tual - Pulau Kai,15,2,-5.63370100,132.74076000,1,0000-00-00 00:00:00,1,2015-11-06 11:23:26,12
270,Tulehu - Ambon,Tulehu - Ambon,15,2,-3.58523200,128.33014200,1,0000-00-00 00:00:00,1,2015-11-05 22:13:14,1
269,Amahai - Ambon,Amahai - Ambon,15,2,-3.33203100,128.91571300,1,0000-00-00 00:00:00,1,2015-11-05 22:15:33,1
268,Namlea - Buru,Namlea - Buru,15,2,-3.27075000,127.08384500,1,0000-00-00 00:00:00,1,2015-11-06 11:20:13,12
18,Kuala Langsa - Aceh,Kuala Langsa - Aceh,1,2,4.54427448,98.05450607,0,0000-00-00 00:00:00,1,2015-12-01 12:27:12,15
20,Meulaboh - Aceh,Meulaboh - Aceh,1,2,4.12481316,96.13160213,0,0000-00-00 00:00:00,1,2015-12-22 00:21:58,15
22,Singkil - Aceh,Singkil - Aceh,1,2,2.26700874,97.81227802,0,0000-00-00 00:00:00,1,2015-12-22 00:21:42,15
23,SInabang - Pulau Simeuleu,SInabang - Pulau Simeuleu,1,2,2.48015597,96.38445055,0,0000-00-00 00:00:00,1,2015-12-22 00:21:44,15
26,Sibolga - Sumatera Utara,Sibolga - Sumatera Utara,1,2,1.72708086,98.78710888,0,0000-00-00 00:00:00,1,2015-12-22 00:21:46,15
27,Gunung Sitoli - Nias,Gunung Sitoli - Nias,1,2,1.29070737,97.62149417,0,0000-00-00 00:00:00,1,2015-12-22 00:21:48,15
28,Teluk Dalam - Nias,Teluk Dalam - Nias,1,2,0.55971626,97.82600959,0,0000-00-00 00:00:00,1,2015-12-22 00:21:50,15
30,Lahewa - Nias Utara,Lahewa - Nias Utara,1,2,1.40522421,97.17642432,0,0000-00-00 00:00:00,1,2015-12-22 00:21:51,15
31,Pulau Tello - Kep. Nias,Pulau Tello - Kep. Nias,1,2,-0.05499797,98.28609630,0,0000-00-00 00:00:00,1,2015-12-22 00:21:40,15
34,PULAU KAMPAI,PULAU KAMPAI,1,2,0.00000000,0.00000000,0,0000-00-00 00:00:00,1,2015-08-06 13:52:39,1
35,TANJUNG PURA,TANJUNG PURA,1,2,0.00000000,0.00000000,0,0000-00-00 00:00:00,1,2015-08-06 13:39:19,1
36,BARUS,BARUS,1,2,0.00000000,0.00000000,0,0000-00-00 00:00:00,1,2015-08-06 13:39:16,1
37,SEI BEROMBANG,SEI BEROMBANG,1,2,0.00000000,0.00000000,0,0000-00-00 00:00:00,1,2015-08-06 13:39:14,1
38,TANJUNG SARANG ELANG,TANJUNG SARANG ELANG,1,2,0.00000000,0.00000000,0,0000-00-00 00:00:00,1,2015-08-06 13:39:11,1
39,LEIDONG,LEIDONG,1,2,0.00000000,0.00000000,0,0000-00-00 00:00:00,1,2015-08-06 13:39:26,1
40,Tanjung Tiram,Tanjung Tiram,1,2,3.22573400,99.58317000,0,0000-00-00 00:00:00,1,2015-11-28 11:41:46,1
41,Pangkalan Dodek,Pangkalan Dodek,1,2,0.00000000,0.00000000,0,0000-00-00 00:00:00,1,2015-08-06 14:02:14,1
42,Pantai Cermin,Pantai Cermin,1,2,0.00000000,0.00000000,0,0000-00-00 00:00:00,1,2015-08-06 14:01:13,1
43,Pangkalan Susu,Pangkalan Susu,1,2,0.00000000,0.00000000,0,0000-00-00 00:00:00,1,2015-08-06 14:01:25,1
44,Belawan-A,Belawan-A,1,2,0.00000000,0.00000000,0,0000-00-00 00:00:00,1,2015-08-06 14:01:40,1
45,Belawan International Container Terminal,Belawan International Container Terminal,1,2,3.79317415,98.71662140,0,0000-00-00 00:00:00,1,2015-12-01 12:27:28,1
46,Terminal Peti Kemas Domestik Belawan,Terminal Peti Kemas Domestik Belawan,1,2,3.79058346,98.71385336,0,0000-00-00 00:00:00,1,2015-11-28 11:41:02,1
47,Tanjung Balai Asahan,Tanjung Balai Asahan,1,2,2.99927100,99.81489000,0,0000-00-00 00:00:00,1,2015-11-28 11:41:43,1
48,Dumai,Dumai,1,2,1.68722220,101.46169444,0,0000-00-00 00:00:00,1,2015-12-01 12:23:20,1
49,Sungai Pakning - Bengkalis,Sungai Pakning - Bengkalis,1,2,1.37767337,102.14802806,0,0000-00-00 00:00:00,1,2015-11-28 11:41:27,1
51,SIKABULUAN,SIKABULUAN,2,2,-1.11709600,99.00597900,0,0000-00-00 00:00:00,1,2016-01-13 10:16:41,17
52,Muara Siberut,Muara Siberut,2,2,-1.59697600,99.21568600,0,0000-00-00 00:00:00,1,2016-01-13 10:16:43,1
53,Sikakap,Sikakap,2,2,-2.77721500,100.21515300,0,0000-00-00 00:00:00,1,2016-01-13 10:16:46,1
54,Pulau Baai,Pulau Baai,2,2,-3.89357574,102.27527057,0,0000-00-00 00:00:00,1,2017-05-06 19:47:00,15
55,Melakoni Enggano,Melakoni Enggano,2,2,-5.43066555,102.38183954,0,0000-00-00 00:00:00,1,2017-05-06 19:47:11,15
61,TANJUNG PINANG,TANJUNG PINANG,5,2,0.00000000,0.00000000,0,0000-00-00 00:00:00,1,2015-11-05 20:29:38,1
62,Tanjung Balai Karimun,Tanjung Balai Karimun,5,2,0.98830100,103.43625500,0,0000-00-00 00:00:00,1,2015-12-08 13:47:18,1
63,PEKAN BARU,PEKAN BARU,5,2,0.00000000,0.00000000,0,0000-00-00 00:00:00,1,2015-11-05 20:29:12,1
64,TEMBILAHAN,TEMBILAHAN,5,2,0.00000000,0.00000000,0,0000-00-00 00:00:00,1,2015-11-05 20:29:15,1
65,BAGAN SIAPI-API,BAGAN SIAPI-API,5,2,0.00000000,0.00000000,0,0000-00-00 00:00:00,1,2015-11-05 20:29:18,1
66,BENGKALIS,BENGKALIS,5,2,0.00000000,0.00000000,0,0000-00-00 00:00:00,1,2015-11-05 20:29:20,1
67,SELAT PANJANG,SELAT PANJANG,5,2,0.00000000,0.00000000,0,0000-00-00 00:00:00,1,2015-11-05 20:29:22,1
68,KUALA ENOK,KUALA ENOK,5,2,0.00000000,0.00000000,0,0000-00-00 00:00:00,1,2015-11-05 20:29:24,1
69,Pelabuhan Sungai Duku - Pekanbaru,Pelabuhan Sungai Duku - Pekanbaru,5,2,0.53885370,101.44561090,0,0000-00-00 00:00:00,1,2015-12-02 08:31:34,1
70,SENAYANG,SENAYANG,5,2,0.00000000,0.00000000,0,0000-00-00 00:00:00,1,2015-11-05 20:29:27,1
71,KUALA GAUNG,KUALA GAUNG,5,2,0.00000000,0.00000000,0,0000-00-00 00:00:00,1,2015-11-05 20:30:12,1
72,SINABOI,SINABOI,5,2,0.00000000,0.00000000,0,0000-00-00 00:00:00,1,2015-11-05 20:30:10,1
73,Tanjung Medang - Bengkalis,Tanjung Medang - Bengkalis,5,2,2.11122100,101.62697100,0,0000-00-00 00:00:00,1,2015-12-02 08:31:28,1
74,PANIPAHAN,PANIPAHAN,5,2,0.00000000,0.00000000,0,0000-00-00 00:00:00,1,2015-11-05 20:30:06,1
75,BATU PANJANG,BATU PANJANG,5,2,0.00000000,0.00000000,0,0000-00-00 00:00:00,1,2015-11-05 20:30:00,1
76,SUNGAI GUNTUNG,SUNGAI GUNTUNG,5,2,0.00000000,0.00000000,0,0000-00-00 00:00:00,1,2015-11-05 20:29:57,1
77,PULAU SAMBU,PULAU SAMBU,5,2,0.00000000,0.00000000,0,0000-00-00 00:00:00,1,2015-11-05 19:42:18,1
78,Tanjung Uban,Tanjung Uban,5,2,1.06164700,104.21921900,0,0000-00-00 00:00:00,1,2015-12-02 08:31:46,1
79,BATAM,BATAM,5,2,0.00000000,0.00000000,0,0000-00-00 00:00:00,1,2015-11-30 18:34:31,1
80,TANJUNG BATU,TANJUNG BATU,5,2,0.00000000,0.00000000,0,0000-00-00 00:00:00,1,2015-11-05 20:27:58,1
81,DABO SINGKEP,DABO SINGKEP,5,2,0.00000000,0.00000000,0,0000-00-00 00:00:00,1,2015-11-05 20:25:10,1
82,Harbour Bay - Batam,Harbour Bay - Batam,5,2,1.15365576,103.99702308,1,0000-00-00 00:00:00,1,2017-11-22 10:16:05,15
83,Pelabuhan Ferry Batu Ampar - Batam,Pelabuhan Ferry Batu Ampar - Batam,5,2,1.16285073,103.99759178,0,0000-00-00 00:00:00,1,2015-12-08 13:47:03,15
84,Sekupang - Batam,Sekupang - Batam,5,2,1.12440269,103.92746488,1,0000-00-00 00:00:00,1,2017-07-06 12:40:15,15
85,Tarempa - Kep. Anambas,Tarempa - Kep. Anambas,4,2,3.22617848,106.21683581,1,0000-00-00 00:00:00,1,2015-12-05 17:22:37,15
87,TELUK AIR,TELUK AIR,4,2,0.00000000,0.00000000,0,0000-00-00 00:00:00,1,2015-12-03 14:04:06,1
88,Sintete - Sambas,Sintete - Sambas,4,2,1.19833100,109.05446200,1,0000-00-00 00:00:00,1,2017-07-12 11:01:14,15
89,Sukabangun - Ketapang,Sukabangun - Ketapang,4,2,-1.79277200,109.95820100,1,0000-00-00 00:00:00,1,2017-07-12 10:59:52,15
90,PALOH/SEKURA,PALOH/SEKURA,4,2,0.00000000,0.00000000,0,0000-00-00 00:00:00,1,2015-12-03 14:04:15,1
91,TELUK MALANO,TELUK MALANO,4,2,0.00000000,0.00000000,0,0000-00-00 00:00:00,1,2015-12-03 14:04:17,1
92,Kendawangan,Kendawangan,4,2,-2.53153500,110.21588000,1,0000-00-00 00:00:00,1,2017-02-21 12:24:20,15
93,Boom Baru - Palembang,Boom Baru - Palembang,6,2,-2.98139700,104.77927800,0,0000-00-00 00:00:00,1,2015-12-04 20:55:38,15
94,SUNGAI LUMPUR,SUNGAI LUMPUR,6,2,0.00000000,0.00000000,0,0000-00-00 00:00:00,1,2015-12-04 20:55:40,15
95,Pangkal Balam - Bangka,Pangkal Balam - Bangka,6,2,-2.09722800,106.13118100,0,0000-00-00 00:00:00,1,2015-12-04 20:55:42,15
96,Muntok - Bangka,Muntok - Bangka,6,2,-2.08629743,105.13202002,0,0000-00-00 00:00:00,1,2015-12-04 20:55:45,15
97,MANGGAR,MANGGAR,6,2,0.00000000,0.00000000,0,0000-00-00 00:00:00,1,2015-12-04 20:55:47,15
98,TOBOALI,TOBOALI,6,2,0.00000000,0.00000000,0,0000-00-00 00:00:00,1,2015-12-04 20:55:34,15
99,Tanjung Pandan,Tanjung Pandan,6,2,-2.74607200,107.62846100,1,0000-00-00 00:00:00,1,2016-09-15 12:40:21,15
101,Sunda Kelapa - DKI Jakarta,Sunda Kelapa - DKI Jakarta,6,2,-6.11664888,106.80830956,1,0000-00-00 00:00:00,1,2016-04-28 10:32:46,15
102,Marunda - DKI Jakarta,Marunda - DKI Jakarta,6,2,-6.09331454,106.95871257,1,0000-00-00 00:00:00,1,2016-04-28 10:39:52,15
103,Pulau Pramuka - Kepulauan Seribu - DKI Jakarta,Pulau Pramuka - Kepulauan Seribu - DKI Jakarta,6,2,-5.74754260,106.61855323,0,0000-00-00 00:00:00,1,2017-12-30 17:05:45,1
104,Kalibaru - DKI Jakarta,Kalibaru - DKI Jakarta,6,2,-6.09908809,106.91655602,1,0000-00-00 00:00:00,1,2016-08-30 18:56:43,15
105,Kali Adem - Muara Angke - DKI Jakarta,Kali Adem - Muara Angke - DKI Jakarta,6,2,-6.10265793,106.77192271,1,0000-00-00 00:00:00,1,2016-04-28 10:42:55,15
106,PPS Nizam Zachman Muara Baru - DKI Jakarta,PPS Nizam Zachman Muara Baru - DKI Jakarta,6,6,-6.10004959,106.80178433,1,0000-00-00 00:00:00,1,2016-08-30 18:36:07,15
107,Cirebon,Cirebon,6,2,-6.71162106,108.56879081,1,0000-00-00 00:00:00,1,2016-09-08 23:48:23,15
108,PANGANDARAN,PANGANDARAN,6,2,0.00000000,0.00000000,0,0000-00-00 00:00:00,1,2015-12-04 20:55:11,1
109,Pelabuhan Ratu,Pelabuhan Ratu,6,2,0.00000000,0.00000000,0,0000-00-00 00:00:00,1,2015-12-04 20:55:08,1
110,PAMANUKAN,PAMANUKAN,6,2,0.00000000,0.00000000,0,0000-00-00 00:00:00,1,2015-12-04 20:55:04,1
111,INDRAMAYU,INDRAMAYU,6,2,0.00000000,0.00000000,0,0000-00-00 00:00:00,1,2015-12-04 20:55:02,1
112,BANTEN,BANTEN,6,2,0.00000000,0.00000000,0,0000-00-00 00:00:00,1,2015-12-04 20:54:59,15
113,ANYER LOR,ANYER LOR,6,2,0.00000000,0.00000000,0,0000-00-00 00:00:00,1,2015-12-04 20:54:25,15
114,LABUAN,LABUAN,6,2,0.00000000,0.00000000,0,0000-00-00 00:00:00,1,2015-12-04 20:54:23,15
115,KARANGANTU,KARANGANTU,6,2,0.00000000,0.00000000,0,0000-00-00 00:00:00,1,2015-12-04 20:54:20,15
116,BOJONEGORO,BOJONEGORO,6,2,0.00000000,0.00000000,0,0000-00-00 00:00:00,1,2015-12-04 20:54:18,15
118,MENGGALA,MENGGALA,3,2,0.00000000,0.00000000,0,0000-00-00 00:00:00,1,2015-05-31 14:55:15,1
119,Kota Agung - Lampung,Kota Agung - Lampung,3,2,-5.49972220,104.62047222,1,0000-00-00 00:00:00,1,2016-05-14 15:48:32,15
120,MARINGGAI,MARINGGAI,3,2,-5.35863269,105.81975796,0,0000-00-00 00:00:00,1,2015-12-08 14:12:21,1
121,Mesuji - Lampung Timur,Mesuji - Lampung Timur,3,2,-4.08968800,105.65221000,1,0000-00-00 00:00:00,1,2017-04-25 14:11:33,15
122,Teluk Betung,Teluk Betung,3,5,-5.44689655,105.28660655,0,0000-00-00 00:00:00,1,2016-05-14 15:48:16,15
123,TANJUNG EMAS-SEMARANG,TANJUNG EMAS-SEMARANG,7,2,-6.94222665,110.42401313,0,0000-00-00 00:00:00,1,2015-10-04 15:55:18,1
124,TERMINAL PETI KEMAS SEMARANG,TERMINAL PETI KEMAS SEMARANG,7,2,-6.94482529,110.42982816,0,0000-00-00 00:00:00,1,2015-11-28 08:13:14,1
491,PP Logending,PP Logending,7,5,-7.72037100,109.39410700,0,2018-06-26 16:14:30,15,2018-08-05 18:08:45,15
126,Pekalongan,Pekalongan,7,2,-6.85409500,109.69335100,0,0000-00-00 00:00:00,1,2015-12-08 19:31:09,1
127,BREBES,BREBES,7,2,0.00000000,0.00000000,0,0000-00-00 00:00:00,1,2015-12-08 19:31:03,1
128,Jepara,Jepara,7,2,-6.59398119,110.64640618,1,0000-00-00 00:00:00,1,2015-11-28 09:30:13,15
129,Karimun Jawa,Karimun Jawa,7,2,-5.87947500,110.43251300,1,0000-00-00 00:00:00,1,2015-06-06 23:26:12,1
130,PPP Bajomulyo - Pati,PPP Bajomulyo - Pati,7,5,-6.70435900,111.15389100,0,0000-00-00 00:00:00,1,2018-04-08 17:57:00,15
131,REMBANG,REMBANG,7,2,0.00000000,0.00000000,0,0000-00-00 00:00:00,1,2015-12-08 19:28:57,1
132,BATANG,BATANG,7,2,0.00000000,0.00000000,0,0000-00-00 00:00:00,1,2015-12-08 19:28:25,1
136,PANGKALAN BUN,PANGKALAN BUN,7,2,0.00000000,0.00000000,0,0000-00-00 00:00:00,1,2015-12-01 18:16:50,15
142,Kumai,Kumai,7,2,-2.74519487,111.72436022,1,0000-00-00 00:00:00,1,2016-04-18 19:11:37,15
284,Manokwari - Papua Barat,Manokwari - Papua Barat,44,2,-0.87543200,134.07469200,0,0000-00-00 00:00:00,1,2015-12-22 00:22:55,15
144,Trisakti - Banjarmasin,Trisakti - Banjarmasin,34,2,-3.32747700,114.55819500,0,0000-00-00 00:00:00,1,2016-09-15 12:53:04,15
151,Gresik - Jawa Timur,Gresik - Jawa Timur,9,2,-7.15537846,112.66200542,1,0000-00-00 00:00:00,1,2015-07-18 16:44:50,1
152,Pasuruan - Jawa Timur,Pasuruan - Jawa Timur,9,2,-7.62269700,112.92194200,0,0000-00-00 00:00:00,1,2016-04-30 07:53:46,15
153,Panarukan - Situbondao,Panarukan - Situbondao,9,2,-7.68925000,113.92233700,0,0000-00-00 00:00:00,1,2016-04-30 07:53:05,15
154,Kalianget - Madura,Kalianget - Madura,9,2,-7.05850900,113.94209300,1,0000-00-00 00:00:00,1,2015-12-09 06:19:20,15
155,BAWEAN,BAWEAN,9,2,0.00000000,0.00000000,0,0000-00-00 00:00:00,1,2015-12-03 14:00:17,1
156,TELAGABIRU,TELAGABIRU,9,2,0.00000000,0.00000000,0,0000-00-00 00:00:00,1,2015-12-09 06:16:59,1
157,BRANTA,BRANTA,9,2,0.00000000,0.00000000,0,0000-00-00 00:00:00,1,2015-12-09 06:17:04,1
158,SAPUDI,SAPUDI,9,2,0.00000000,0.00000000,0,0000-00-00 00:00:00,1,2015-12-09 06:17:01,1
159,KALBUT,KALBUT,9,2,0.00000000,0.00000000,0,0000-00-00 00:00:00,1,2015-12-09 06:17:06,1
160,MASALEMBU,MASALEMBU,9,2,0.00000000,0.00000000,0,0000-00-00 00:00:00,1,2015-12-09 06:17:09,1
161,BRONDONG,BRONDONG,9,2,0.00000000,0.00000000,0,0000-00-00 00:00:00,1,2015-11-18 17:00:12,1
162,Tanjung Tembaga - Probolinggo,Tanjung Tembaga - Probolinggo,9,2,-7.71756206,113.22330594,0,0000-00-00 00:00:00,1,2016-04-30 07:53:21,15
163,TANJUNG WANGI,TANJUNG WANGI,31,2,-8.12764576,114.40361739,0,0000-00-00 00:00:00,1,2015-12-03 21:10:20,15
164,ASDP Ketapang - Banyuwangi,ASDP Ketapang - Banyuwangi,31,3,-8.14347887,114.40148376,0,0000-00-00 00:00:00,1,2016-04-30 08:19:18,15
165,Benoa - Bali,Benoa - Bali,31,1,-8.74817785,115.21384763,1,0000-00-00 00:00:00,1,2015-12-13 23:55:13,15
167,Padangbai - Bali,Padangbai - Bali,31,3,-8.53424200,115.50933500,1,0000-00-00 00:00:00,1,2018-07-27 15:38:18,1
168,Celukan Bawang - Bali,Celukan Bawang - Bali,31,2,-8.18903300,114.83521100,1,0000-00-00 00:00:00,1,2018-07-27 10:13:36,1
169,Nusa Penida - Bali,Nusa Penida - Bali,31,3,-8.67161900,115.55323300,0,0000-00-00 00:00:00,1,2015-12-03 21:10:00,1
170,ASDP Gilimanuk,ASDP Gilimanuk,31,3,-8.16093300,114.43693200,1,0000-00-00 00:00:00,1,2016-04-30 08:18:48,15
172,Lembar - Lombok,Lembar - Lombok,31,3,-8.73154157,116.07712462,1,0000-00-00 00:00:00,1,2018-07-27 15:38:38,15
173,Bima - NTB,Bima - NTB,31,2,-8.44679090,118.71123626,0,0000-00-00 00:00:00,1,2015-12-03 21:10:04,15
182,Labuan Bajo - NTB,Labuan Bajo - NTB,31,2,-8.49493945,119.87450525,0,0000-00-00 00:00:00,1,2015-12-03 21:10:06,15
183,Baranusa - Alor,Baranusa - Alor,10,2,-8.36294867,124.09744167,0,0000-00-00 00:00:00,1,2015-12-02 10:05:54,15
184,Waikelo - Sumba,Waikelo - Sumba,10,3,-9.38891500,119.22021500,0,0000-00-00 00:00:00,1,2015-11-30 18:39:21,1
185,Seba / Sabu - Sawu,Seba / Sabu - Sawu,10,2,-10.48890000,121.83719700,0,0000-00-00 00:00:00,1,2015-12-08 13:52:47,1
186,Baa / Rote,Baa / Rote,10,2,-10.72498400,123.04518900,1,0000-00-00 00:00:00,1,2015-07-22 11:48:45,1
187,ATAPUPU,ATAPUPU,10,2,0.00000000,0.00000000,0,0000-00-00 00:00:00,1,2015-12-02 10:06:03,1
188,Kalabahi - Alor,Kalabahi - Alor,10,2,-8.22217600,124.51175000,0,0000-00-00 00:00:00,1,2015-12-08 13:52:49,1
189,Waingapu - Sumba,Waingapu - Sumba,10,2,-9.64008300,120.25363000,0,0000-00-00 00:00:00,1,2015-12-08 13:52:51,1
190,Ende - NTT,Ende - NTT,10,2,-8.84462400,121.64188500,0,0000-00-00 00:00:00,1,2015-12-08 13:52:53,1
191,Larantuka - NTT,Larantuka - NTT,10,2,-8.34230900,122.99005800,0,0000-00-00 00:00:00,1,2015-12-08 13:52:55,1
193,Semayang - Balikpapan,Semayang - Balikpapan,34,1,-1.27352600,116.80517700,1,0000-00-00 00:00:00,1,2016-05-04 23:20:50,15
194,Samarinda,Samarinda,34,2,-0.50858000,117.15435200,1,0000-00-00 00:00:00,1,2016-04-30 08:24:23,15
195,Juwata Laut - Tarakan,Juwata Laut - Tarakan,11,3,3.43387488,117.54047938,1,0000-00-00 00:00:00,1,2016-09-23 12:58:41,15
196,TANJUNG LAUT,TANJUNG LAUT,34,2,0.00000000,0.00000000,0,0000-00-00 00:00:00,1,2015-11-10 07:25:10,1
197,TANAH GROGOT,TANAH GROGOT,34,2,0.00000000,0.00000000,0,0000-00-00 00:00:00,1,2015-11-10 07:40:42,1
198,Tanjung Santan,Tanjung Santan,34,2,0.03338920,117.53464771,1,0000-00-00 00:00:00,1,2016-04-30 08:24:59,15
199,Sangkuliran - Kutai,Sangkuliran - Kutai,34,2,0.98657600,117.98810100,1,0000-00-00 00:00:00,1,2015-12-04 09:29:26,15
200,Lok Tuan - Bontang,Lok Tuan - Bontang,34,2,0.16343115,117.48846747,1,0000-00-00 00:00:00,1,2015-12-04 09:31:14,15
201,SAMBOJA,SAMBOJA,34,2,0.00000000,0.00000000,0,0000-00-00 00:00:00,1,2015-11-10 07:32:10,1
205,Belang-Belang,Belang-Belang,12,2,-2.47372600,119.12680500,0,0000-00-00 00:00:00,1,2016-04-30 08:01:02,15
207,Pare-pare - Sulawesi Selatan,Pare-pare - Sulawesi Selatan,12,2,-4.00312500,119.61965900,1,0000-00-00 00:00:00,1,2015-12-04 13:38:35,15
208,MALILI,MALILI,12,2,0.00000000,0.00000000,0,0000-00-00 00:00:00,1,2015-12-04 13:27:13,1
209,AWERANGU/BARRU,AWERANGU/BARRU,12,2,0.00000000,0.00000000,0,0000-00-00 00:00:00,1,2015-12-04 13:27:28,1
210,BULUKUMBA,BULUKUMBA,12,2,0.00000000,0.00000000,0,0000-00-00 00:00:00,1,2015-12-04 13:28:25,1
211,JENEPONTO,JENEPONTO,12,2,0.00000000,0.00000000,0,0000-00-00 00:00:00,1,2015-12-04 13:28:22,1
212,SELAYAR,SELAYAR,12,2,0.00000000,0.00000000,0,0000-00-00 00:00:00,1,2015-12-04 13:28:17,1
213,Pulau Jampea - Selayar,Pulau Jampea - Selayar,12,2,-7.07909500,120.75396700,0,0000-00-00 00:00:00,1,2015-12-04 13:28:14,1
214,SINJAI,SINJAI,12,2,0.00000000,0.00000000,0,0000-00-00 00:00:00,1,2015-12-04 13:28:08,1
215,Bajoe - Bone,Bajoe - Bone,12,3,-4.54939200,120.38596800,1,0000-00-00 00:00:00,1,2015-08-16 17:03:34,1
216,Balangsala'e - Siwa,Balangsala'e - Siwa,12,2,-3.68126655,120.43104702,0,0000-00-00 00:00:00,1,2015-12-04 13:27:48,1
217,Pattirobajo - Pattiro,Pattirobajo - Pattiro,12,2,-4.65825800,120.46552000,0,0000-00-00 00:00:00,1,2015-12-08 10:37:53,15
219,Biringkassi,Biringkassi,12,2,-4.81610460,119.49650816,1,0000-00-00 00:00:00,1,2018-02-13 12:02:24,15
224,Salakan - Banggai,Salakan - Banggai,14,2,-1.30611393,123.28925898,1,0000-00-00 00:00:00,1,2015-12-04 10:34:18,15
225,Kolondale,Kolondale,14,2,-1.98946273,121.34159894,1,0000-00-00 00:00:00,1,2016-04-30 08:05:23,15
227,ASDP Kendari,ASDP Kendari,14,3,-3.97242993,122.57921284,0,0000-00-00 00:00:00,1,2017-05-05 14:04:38,15
228,POMALA,POMALA,14,2,0.00000000,0.00000000,0,0000-00-00 00:00:00,1,2017-05-05 13:31:56,1
229,Raha,Raha,14,2,-4.84083214,122.73105567,1,0000-00-00 00:00:00,1,2016-04-30 08:11:00,15
230,KOLAKA,KOLAKA,14,2,0.00000000,0.00000000,0,0000-00-00 00:00:00,1,2017-05-05 13:31:43,1
231,Langara Pulau Wawonii,Langara Pulau Wawonii,14,2,-4.02081413,122.98861477,1,0000-00-00 00:00:00,1,2017-05-05 14:14:04,15
232,Bau Bau - Sulawesi Tenggara,Bau Bau - Sulawesi Tenggara,14,2,-5.45027800,122.60298900,1,0000-00-00 00:00:00,1,2017-05-05 09:26:33,15
237,Nunukan - Kalimantan Utara,Nunukan - Kalimantan Utara,11,2,4.14692517,117.66656410,1,0000-00-00 00:00:00,1,2016-09-23 12:58:53,15
243,Poso - Sulawesi Tengah,Poso - Sulawesi Tengah,11,2,-1.38133856,120.75480948,1,0000-00-00 00:00:00,1,2016-09-23 12:58:33,15
244,Wani - Donggala,Wani - Donggala,12,2,-0.69660100,119.83971300,0,0000-00-00 00:00:00,1,2016-09-20 09:27:32,15
245,Gorontalo,Gorontalo,11,2,0.50877100,123.06313800,1,0000-00-00 00:00:00,1,2016-09-23 12:58:25,15
246,Kwandang - Gorontalo,Kwandang - Gorontalo,11,2,0.85237534,122.89703006,1,0000-00-00 00:00:00,1,2016-09-23 12:58:17,15
250,Manado - Sulawesi Utara,Manado - Sulawesi Utara,11,2,1.49669290,124.84156844,1,0000-00-00 00:00:00,1,2016-09-23 12:59:14,15
251,Tahuna - Kepulauan Sangihe,Tahuna - Kepulauan Sangihe,11,2,3.60256194,125.50171745,1,0000-00-00 00:00:00,1,2016-09-23 13:06:29,15
252,Lirung - Kepulauan Talaud,Lirung - Kepulauan Talaud,11,2,3.94025274,126.69450223,1,0000-00-00 00:00:00,1,2016-09-23 13:07:05,15
253,BELANG,BELANG,11,2,0.00000000,0.00000000,0,0000-00-00 00:00:00,1,2015-12-01 18:33:51,1
254,KOTABUNAN,KOTABUNAN,11,2,0.00000000,0.00000000,0,0000-00-00 00:00:00,1,2015-12-01 18:33:53,1
255,LABUHAN UKI,LABUHAN UKI,11,2,0.00000000,0.00000000,0,0000-00-00 00:00:00,1,2015-12-01 18:33:55,1
256,LIKUPANG,LIKUPANG,11,2,0.00000000,0.00000000,0,0000-00-00 00:00:00,1,2015-12-01 18:33:57,1
257,Ahmad Yani - Ternate,Ahmad Yani - Ternate,17,1,0.77903600,127.38833400,1,0000-00-00 00:00:00,1,2015-12-13 23:55:53,15
258,Galela - Maluku Utara,Galela - Maluku Utara,17,2,1.82022900,127.84828400,0,0000-00-00 00:00:00,1,2016-04-07 15:55:44,15
259,SANANA,SANANA,17,2,0.00000000,0.00000000,0,0000-00-00 00:00:00,1,2015-11-11 21:19:40,1
260,LABUHA/BABANG,LABUHA/BABANG,17,2,0.00000000,0.00000000,0,0000-00-00 00:00:00,1,2015-11-11 21:19:38,1
261,JAILOLO,JAILOLO,17,2,0.00000000,0.00000000,0,0000-00-00 00:00:00,1,2015-11-11 21:19:36,1
262,DARUBA,DARUBA,17,2,0.00000000,0.00000000,0,0000-00-00 00:00:00,1,2015-11-11 21:19:34,1
263,BULI,BULI,17,2,0.00000000,0.00000000,0,0000-00-00 00:00:00,1,2015-11-11 21:19:33,1
264,GEBE,GEBE,17,2,0.00000000,0.00000000,0,0000-00-00 00:00:00,1,2015-11-11 21:19:31,1
265,LAIWUI,LAIWUI,17,2,0.00000000,0.00000000,0,0000-00-00 00:00:00,1,2015-11-11 21:19:29,1
267,Banda Neira - Pulau Banda,Banda Neira - Pulau Banda,15,2,-4.54428800,129.89598500,1,0000-00-00 00:00:00,1,2015-11-06 11:29:30,12
361,PPN Ambon (P2HP),PPN Ambon (P2HP),15,4,-3.67899609,128.18825048,1,0000-00-00 00:00:00,1,2016-04-12 18:39:12,15
360,Saketa - Halmahera,Saketa - Halmahera,17,5,-0.68920381,127.45631933,0,0000-00-00 00:00:00,1,2015-12-04 18:48:09,16
359,PPN Ternate,PPN Ternate,17,4,0.76737957,127.37823088,1,0000-00-00 00:00:00,1,2016-09-19 19:44:37,15
358,Tumumpa - Manado,Tumumpa - Manado,11,5,1.52144200,124.84075800,0,0000-00-00 00:00:00,1,2015-12-01 18:34:02,1
357,PPP DAGHO SULUT,PPP DAGHO SULUT,11,5,0.00000000,0.00000000,0,0000-00-00 00:00:00,1,2015-12-01 18:33:59,1
356,PPS Bitung - Sulawesi Utara,PPS Bitung - Sulawesi Utara,11,6,1.44675632,125.20878927,1,0000-00-00 00:00:00,1,2016-09-23 12:59:38,15
354,PP Kwandang - Gorontalo,PP Kwandang - Gorontalo,11,5,0.85367339,122.89825851,0,0000-00-00 00:00:00,1,2017-05-05 09:25:44,15
353,PPS Kendari (P2HP),PPS Kendari (P2HP),14,6,-3.97305982,122.58288042,1,0000-00-00 00:00:00,1,2016-04-30 08:03:55,15
352,PPP Tenau - Kupang,PPP Tenau - Kupang,10,5,-10.20023472,123.52907181,0,0000-00-00 00:00:00,1,2017-06-12 11:51:14,15
350,PPN Pengambengan,PPN Pengambengan,31,4,-8.38685396,114.57486712,1,0000-00-00 00:00:00,1,2016-09-19 11:05:24,15
346,PPP TAMPERAN,PPP TAMPERAN,9,5,0.00000000,0.00000000,0,0000-00-00 00:00:00,1,2017-07-07 20:01:37,1
345,PPP PONDOK DADAP,PPP PONDOK DADAP,9,5,0.00000000,0.00000000,0,0000-00-00 00:00:00,1,2017-07-07 20:01:45,1
344,PPP PAITON,PPP PAITON,9,5,0.00000000,0.00000000,0,0000-00-00 00:00:00,1,2017-07-07 20:01:53,1
343,PPP LEKOK PASURUAN,PPP LEKOK PASURUAN,9,5,0.00000000,0.00000000,0,0000-00-00 00:00:00,1,2015-12-09 06:16:47,1
342,Brondong - Lamongan,Brondong - Lamongan,9,4,-6.86859900,112.29963000,0,0000-00-00 00:00:00,1,2016-04-30 07:54:29,1
341,PPP Sadeng - Gunung Kidul,PPP Sadeng - Gunung Kidul,8,5,-8.19006000,110.79906000,0,0000-00-00 00:00:00,1,2016-09-20 09:26:22,1
340,PPS Cilacap,PPS Cilacap,8,6,-7.72776064,109.02446939,1,0000-00-00 00:00:00,1,2018-06-26 16:07:34,15
339,PP Banjarmasin - Kalimantan Selantan,PP Banjarmasin - Kalimantan Selantan,34,5,-3.32028600,114.56190900,1,0000-00-00 00:00:00,1,2016-09-06 14:46:12,15
484,PP Muara Kintap,PP Muara Kintap,34,2,-3.90452700,115.25883100,1,2017-09-17 14:37:50,15,2017-11-22 10:21:49,15
337,PPP Wonokerto,PPP Wonokerto,7,5,-6.84449500,109.62224300,0,0000-00-00 00:00:00,1,2018-06-26 16:19:12,15
336,PP Tegalsari,PP Tegalsari,7,9,-6.84954354,109.12903761,0,0000-00-00 00:00:00,1,2018-06-26 16:04:58,15
335,PPP Tawang - Kendal,PPP Tawang - Kendal,7,5,-6.91632800,110.05033400,1,0000-00-00 00:00:00,1,2016-08-24 08:11:36,15
334,PPP Tasik Agung Rembang,PPP Tasik Agung Rembang,7,5,-6.70058900,111.33748700,1,0000-00-00 00:00:00,1,2018-04-04 09:54:58,15
333,Morodemak,Morodemak,7,5,-6.81721600,110.54420700,1,0000-00-00 00:00:00,1,2018-02-28 19:37:52,15
332,PPP KARIMUN JAWA,PPP KARIMUN JAWA,7,5,0.00000000,0.00000000,0,0000-00-00 00:00:00,1,2015-11-28 08:15:21,1
489,PPP Bajomulyo - Pati,PPP Bajomulyo - Pati,7,5,-6.70435900,111.15389100,1,2018-04-08 17:56:00,15,0000-00-00 00:00:00,15
330,PPP Asemdoyong,PPP Asemdoyong,7,5,-6.85299636,109.41470652,0,0000-00-00 00:00:00,1,2018-06-26 16:23:19,15
329,PPN Pekalongan,PPN Pekalongan,7,4,-6.85705259,109.69220654,1,0000-00-00 00:00:00,1,2018-10-01 16:31:06,15
328,PPP Teladas,PPP Teladas,3,5,-4.44027780,105.83055556,1,0000-00-00 00:00:00,1,2016-05-19 21:59:46,15
327,Kota Agung - Lampung,Kota Agung - Lampung,3,5,-5.50085422,104.61873415,0,0000-00-00 00:00:00,1,2015-12-08 14:11:42,1
326,PPP Lempasing - Lampung,PPP Lempasing - Lampung,3,5,-5.48678446,105.25295724,1,0000-00-00 00:00:00,1,2016-04-12 18:33:42,15
325,PPP Labuhan Maringgai,PPP Labuhan Maringgai,3,5,-5.35863269,105.81975796,1,0000-00-00 00:00:00,1,2016-04-30 07:50:58,15
483,PP Merauke,PP Merauke,43,2,-8.47903500,140.37973200,1,2017-09-17 14:22:33,15,2017-11-22 10:21:52,15
482,PP Mayangan,PP Mayangan,9,2,-7.73229936,113.22412430,1,2017-09-10 15:04:54,15,2017-11-22 10:21:57,15
320,PPP ERETAN CIREBON,PPP ERETAN CIREBON,6,5,0.00000000,0.00000000,0,0000-00-00 00:00:00,1,2015-11-24 20:09:44,1
319,PP BONDET CIREBON,PP BONDET CIREBON,6,5,0.00000000,0.00000000,0,0000-00-00 00:00:00,1,2016-08-30 18:51:25,15
318,PPP MUARA CIASEM,PPP MUARA CIASEM,6,5,0.00000000,0.00000000,0,0000-00-00 00:00:00,1,2015-11-24 20:08:49,1
317,Blanakan-Subang - Jawa Barat,Blanakan-Subang - Jawa Barat,6,5,-6.22443200,107.67227800,0,0000-00-00 00:00:00,1,2015-11-24 20:09:47,1
316,PPP Ciparage - Jawa Barat,PPP Ciparage - Jawa Barat,6,5,-6.15845390,107.49038988,0,0000-00-00 00:00:00,1,2016-04-22 10:05:38,15
315,PPN Kejawanan,PPN Kejawanan,6,4,-6.73345473,108.58246019,1,0000-00-00 00:00:00,1,2016-09-08 23:47:40,15
313,PPN Tanjung Pandan,PPN Tanjung Pandan,6,4,-2.74416252,107.63367282,1,0000-00-00 00:00:00,1,2016-09-20 15:14:55,15
479,Rasau Jaya - Kubu Raya,Rasau Jaya - Kubu Raya,4,3,-0.27108100,109.35790300,1,2017-07-12 11:22:36,15,0000-00-00 00:00:00,15
311,PPP Teluk Batang - Pontianak,PPP Teluk Batang - Pontianak,4,5,-1.00750000,109.76861111,1,0000-00-00 00:00:00,1,2017-02-21 12:20:43,15
310,PPP Sungai Rengas - Pontianak,PPP Sungai Rengas - Pontianak,4,5,0.00214000,109.28539100,1,0000-00-00 00:00:00,1,2017-07-12 11:11:47,15
309,PPN Pemangkat - Kalimantan Barat,PPN Pemangkat - Kalimantan Barat,4,4,1.19980282,108.99211240,1,0000-00-00 00:00:00,1,2017-07-12 11:23:52,15
308,Tarempa,Tarempa,5,5,3.22194900,106.24156500,0,0000-00-00 00:00:00,1,2015-12-08 13:47:08,1
307,PP BARELANG,PP BARELANG,5,3,0.00000000,0.00000000,0,0000-00-00 00:00:00,1,2015-05-01 15:10:05,1
306,PP TELAGA PUNGGUR,PP TELAGA PUNGGUR,5,3,0.00000000,0.00000000,0,0000-00-00 00:00:00,1,2015-05-01 15:10:07,1
305,PPP Sikakap,PPP Sikakap,2,5,-2.77597100,100.21773400,0,0000-00-00 00:00:00,1,2016-01-13 10:16:54,1
304,PPS Bungus,PPS Bungus,2,6,-1.03028391,100.39582320,0,0000-00-00 00:00:00,1,2018-08-09 16:26:02,15
478,Serasan - Kep. Natuna,Serasan - Kep. Natuna,4,2,2.49687600,109.00743600,1,2017-07-12 11:20:38,15,0000-00-00 00:00:00,15
301,PPS Belawan - Sumatera Utara,PPS Belawan - Sumatera Utara,1,6,3.78379143,98.71509089,1,0000-00-00 00:00:00,1,2016-08-18 11:36:10,15
300,Balohan - Sabang,Balohan - Sabang,1,3,5.82332375,95.34847498,0,0000-00-00 00:00:00,1,2016-01-08 12:38:57,15
299,Lampulo - Sabang,Lampulo - Sabang,1,9,5.59486363,95.31304133,0,0000-00-00 00:00:00,1,2015-12-08 19:19:14,15
298,Teluk Bintuni - Papua Barat,Teluk Bintuni - Papua Barat,44,2,-2.11368000,133.52583900,0,0000-00-00 00:00:00,1,2015-12-08 19:36:39,1
297,Kokas - Papua Barat,Kokas - Papua Barat,44,2,-2.69740500,132.44186500,0,0000-00-00 00:00:00,1,2015-12-08 19:36:40,1
296,Saunek - Papua Barat,Saunek - Papua Barat,44,2,-0.46499336,130.78283785,0,0000-00-00 00:00:00,1,2015-12-08 19:36:42,1
295,TEMINABUAN,TEMINABUAN,44,2,0.00000000,0.00000000,0,0000-00-00 00:00:00,1,2015-11-08 17:42:21,1
294,Kaimana - Papua Barat,Kaimana - Papua Barat,44,2,-3.66542200,133.75747700,0,0000-00-00 00:00:00,1,2015-12-08 19:36:45,1
293,Oransbari - Papua Barat,Oransbari - Papua Barat,44,2,-1.34831100,134.26689900,0,0000-00-00 00:00:00,1,2015-12-08 19:36:47,1
292,Fak-fak - Papua Barat,Fak-fak - Papua Barat,44,2,-2.93257500,132.31025900,1,0000-00-00 00:00:00,1,2016-04-05 11:28:50,1
291,Sorong,Sorong,44,1,-0.87794933,131.24533899,1,0000-00-00 00:00:00,1,2016-09-20 09:24:08,15
290,Amamapere - Papua,Amamapere - Papua,43,2,-4.82882000,136.84791900,0,0000-00-00 00:00:00,1,2016-09-20 09:28:58,1
289,Bade - Papua,Bade - Papua,43,2,-7.17259100,139.59436900,0,0000-00-00 00:00:00,1,2015-11-08 18:01:02,1
288,Agats - Papua,Agats - Papua,43,2,-5.53721300,138.13037500,0,0000-00-00 00:00:00,1,2016-09-20 09:28:52,1
287,Pomako - Papua,Pomako - Papua,43,2,-4.80319800,136.77003400,0,0000-00-00 00:00:00,1,2015-12-01 09:46:04,1
286,Merauke,Merauke,43,1,-8.47685963,140.39037672,1,0000-00-00 00:00:00,1,2016-09-20 09:24:24,15
285,Wasior - Papua Barat,Wasior - Papua Barat,44,2,-2.72774200,134.48904300,1,0000-00-00 00:00:00,1,2018-06-11 09:00:21,15
363,PPP Sorong,PPP Soron,44,5,-0.87666726,131.24095917,0,0000-00-00 00:00:00,1,2016-09-20 09:24:14,15
367,Ulee Lheue - Aceh,Ulee Lheue - Aceh,1,3,5.57055438,95.29631212,0,2015-06-02 19:09:07,1,2015-12-22 00:20:55,15
477,Subi - Kep. Natuna,Subi - Kep. Natuna,4,2,3.01355400,108.86495500,1,2017-07-12 11:20:11,15,0000-00-00 00:00:00,15
370,ASDP Merak,ASDP Merak,3,3,-5.93117697,105.99667387,1,2015-06-04 13:20:00,1,2016-04-30 07:49:52,15
371,ASDP Bakauheni,ASDP Bakauheni,3,3,-5.87053874,105.75480299,1,2015-06-04 13:24:57,1,2016-04-30 07:50:08,15
372,Lamteng,Lamteng,1,3,5.64389119,95.16381010,0,2015-06-04 14:56:17,1,2015-12-22 00:20:52,15
374,Labuhan Haji,Labuhan Haji,1,3,3.54439701,96.99928212,0,2015-06-04 15:00:52,1,2017-07-15 18:03:27,15
377,Teluk Bungus,Teluk Bungus,2,2,-1.02975782,100.39791231,1,2015-06-06 21:28:45,1,2018-08-09 16:26:52,15
379,Tua Pejat,Tua Pejat,2,2,-2.02945523,99.59292093,1,2015-06-06 22:09:49,1,2016-10-18 10:53:16,1
380,Tanjung Api Api - Palembang,Tanjung Api Api - Palembang,6,3,-2.23316105,104.93752809,1,2015-06-06 22:12:55,1,2017-05-05 09:23:57,15
404,Tanjung Bira - Bulukumba,Tanjung Bira - Bulukumba,12,3,-5.60787600,120.46897700,1,2015-08-16 15:25:35,1,2015-12-04 13:39:36,1
382,Tanjung Kelian - Bangka,Tanjung Kelian - Bangka,6,3,-2.08670066,105.13451399,1,2015-06-06 23:05:24,1,2017-05-05 09:23:52,15
383,Tanjung Batu - Belitung,Tanjung Batu - Belitung,6,2,-3.24655186,108.07697534,1,2015-06-21 13:34:42,1,2016-09-15 14:35:35,15
384,Telaga Punggur - Batam,Telaga Punggur - Batam,5,2,1.03334600,104.13188700,0,2015-07-14 15:00:19,1,2017-06-13 17:50:40,15
385,Tanjung Buton - Mengkapan,Tanjung Buton - Mengkapan,5,3,0.96821200,102.25172500,0,2015-07-14 15:13:34,1,2017-06-13 17:50:08,1
476,Midai - Kep. Natuna,Midai - Kep. Natuna,4,2,3.00224600,107.74695100,1,2017-07-12 11:19:36,15,0000-00-00 00:00:00,15
387,Garongkong,Garongkong,12,2,-4.37666222,119.61347673,1,2015-07-17 11:20:37,1,2018-02-13 11:53:11,15
475,Pulau Tiga - Kep. Natuna,Pulau Tiga - Kep. Natuna,4,2,3.63843700,108.08773100,1,2017-07-12 11:18:59,15,0000-00-00 00:00:00,15
389,Tebas Kuala - Sambas,Tebas Kuala - Sambas,4,3,1.23951000,109.13889500,1,2015-07-18 16:29:24,1,2017-05-05 09:23:31,1
471,Letung - Kep. Anambas,Letung - Kep. Anambas,4,2,2.98769600,105.70464700,1,2017-07-12 11:15:35,15,0000-00-00 00:00:00,15
391,Sangkapura - Bawean,Sangkapura - Bawean,9,2,-5.85141424,112.64316760,1,2015-07-18 16:39:07,1,2016-11-22 08:54:04,15
392,Kamal - Madura,Kamal - Madura,9,3,-7.17561200,112.72261300,0,2015-07-18 16:56:12,1,2017-07-07 20:02:31,1
393,Ujung - Surabaya,Ujung - Surabaya,9,3,-7.19797300,112.73488500,0,2015-07-18 17:03:01,1,2017-07-07 20:02:38,1
474,Sedanau - Kep. Natuna,Sedanau - Kep. Natuna,4,2,3.79580600,108.03564500,1,2017-07-12 11:18:15,15,0000-00-00 00:00:00,15
473,Pulau Laut - Kep. Natuna,Pulau Laut - Kep. Natuna,4,2,4.73687959,107.99857339,1,2017-07-12 11:16:30,15,2017-07-12 11:16:59,15
398,Bolok - Kupang,Bolok - Kupang,10,2,-10.21746300,123.52343287,1,2015-07-22 11:08:29,1,2017-06-17 08:53:27,15
399,Aimere - NTT,Aimere - NTT,10,2,-8.84234600,120.85443000,0,2015-07-22 12:05:29,1,2017-06-12 11:48:59,1
472,Kuala Maras - Kep. Anambas,Kuala Maras - Kep. Anambas,4,2,2.90452900,105.81322900,1,2017-07-12 11:16:00,15,0000-00-00 00:00:00,15
401,Lewoleba - NTT,Lewoleba - NTT,10,2,-8.37111400,123.40673200,0,2015-07-22 14:28:09,1,2017-06-12 11:49:25,1
402,Waiwerang - NTT,Waiwerang - NTT,10,3,-8.39122100,123.16287100,0,2015-07-22 14:33:18,1,2017-06-12 11:49:37,1
403,Teluk Gurita - NTT,Teluk Gurita - NTT,10,3,-9.01064200,124.81006300,0,2015-07-22 14:47:45,1,2017-06-12 11:49:56,1
405,Pamamata - Selayar,Pamamata - Selayar,12,3,-5.83493100,120.51780400,1,2015-08-16 15:27:22,1,2015-12-04 13:39:45,1
406,Tondasi - Kambara,Tondasi - Kambara,14,3,-4.73861600,122.37389600,0,2015-08-16 15:40:25,1,2017-05-05 13:28:45,1
407,Sikeli - Bombana,Sikeli - Bombana,14,3,-5.26235900,121.79591300,1,2015-08-16 15:44:01,1,2015-12-04 10:33:48,1
408,--,--,12,2,-7.07909500,120.75396700,0,2015-08-16 16:52:23,1,2015-12-04 13:27:39,1
409,Kolaka - Sulawesi Tenggara,Kolaka - Sulawesi Tenggara,12,3,-4.05899400,121.58193900,1,2015-08-16 17:01:54,1,2015-12-04 13:41:26,15
410,ASDP Bau Bau Dan Waara,ASDP Bau Bau Dan Waara,14,3,-5.45717500,122.61535400,0,2015-08-16 17:06:07,1,2017-05-05 13:37:45,15
411,Tanjung Ringgit - Palopo,Tanjung Ringgit - Palopo,12,2,-2.98409200,120.21010800,0,2015-08-16 17:13:37,1,2017-07-15 18:00:35,1
412,Torobulu - Konawe Selatan,Torobulu - Konawe Selatan,14,3,-4.44547100,122.45454800,1,2015-08-16 17:16:37,1,2015-12-04 10:33:59,1
413,Tampo - Muna,Tampo - Muna,14,3,-4.62407600,122.70958200,1,2015-08-16 17:18:10,1,2015-12-04 10:34:04,1
414,Dongkala - Kabaena,Dongkala - Kabaena,14,3,-5.31831200,122.04921900,1,2015-08-16 17:44:44,1,2015-12-04 10:34:11,1
415,Wowoni - Konawe,Wowoni - Konawe,14,2,-4.01980800,122.99034200,0,2015-08-16 17:54:26,1,2017-05-05 14:16:55,1
416,Mawasangka - Muna,Mawasangka - Muna,14,2,-5.28251700,122.28737300,0,2015-08-16 17:58:23,1,2017-05-05 13:27:52,1
417,Luwuk,Luwuk,14,3,-0.79621700,122.65938300,1,2015-08-16 18:31:17,1,2015-12-08 06:51:02,17
418,Penajam - Balikpapan,Penajam - Balikpapan,34,3,-1.24223200,116.77682800,1,2015-08-17 18:19:43,1,2015-08-17 18:21:55,1
419,Karingau - Balikpapan,Karingau - Balikpapan,34,3,-1.20085100,116.81789700,1,2015-08-17 18:21:41,1,0000-00-00 00:00:00,1
421,Lasusua - Kolaka Utara,Lasusua - Kolaka Utara,14,3,-3.41438900,120.88732400,0,2015-08-18 21:37:15,1,2017-05-05 13:50:53,1
422,ASDP Gorontalo,ASDP Gorontalo,11,3,0.49711800,123.06977300,0,2015-08-18 22:03:25,1,2017-07-15 17:51:11,15
423,Wanci (Wakatobi),Wanci (Wakatobi),14,2,-5.32535400,123.53426800,1,2015-08-18 22:42:21,1,2016-04-30 08:07:18,15
470,Sampit,Sampit,7,2,-2.54111400,112.96465500,1,2017-07-07 16:16:45,15,0000-00-00 00:00:00,15
426,Labuhan Haji - Aceh,Labuhan Haji - Aceh,1,9,3.54494313,96.99988294,0,2015-10-08 23:27:48,1,2017-05-05 09:21:43,15
427,PPN Donggala,PPN Donggala,34,4,-0.66274588,119.74153058,1,2015-10-08 23:47:51,1,2016-09-08 23:46:45,15
428,Klademak,Klademak,44,5,-0.88394883,131.26274482,1,2015-10-09 00:01:21,1,2016-04-30 08:15:43,15
429,Pantoloan - Palu,Pantoloan - Palu,34,2,-0.71198500,119.85597100,1,2015-11-10 07:20:09,1,2017-05-05 09:20:26,1
430,Pondong,Pondong,34,2,-1.80350117,116.25128681,1,2015-11-10 07:29:54,1,2016-04-30 08:25:57,15
431,Bastiong - Ternate,Bastiong - Ternate,17,3,0.76423516,127.37754961,1,2015-11-11 21:01:11,1,2017-05-05 09:20:19,15
432,Kayoa - Ternate,Gurapin - Ternate,17,2,0.00916400,127.41284700,1,2015-11-11 21:28:47,1,2017-05-05 09:19:50,15
433,Sidangole - Halmahera,Sidangole - Halmahera,17,3,0.88577300,127.49864000,1,2015-11-11 22:19:15,1,2017-05-05 09:20:44,1
434,Rum - Tidore,Rum - Tidore,17,2,0.73597400,127.38422700,1,2015-11-11 22:27:23,1,2017-05-05 09:20:07,1
435,Sofifi - Halmahera,Sofifi - Halmahera,17,3,0.74174100,127.55948700,1,2015-11-16 12:20:09,1,2015-12-06 16:14:03,1
436,Dowora - Tidore,Dowora - Tidore,17,3,0.69350100,127.45770000,0,2015-11-16 12:22:20,1,2017-05-05 09:20:39,1
437,Tobelo - Halmahera,Tobelo - Halmahera,17,3,1.72401200,128.01619900,1,2015-11-16 12:35:53,1,2015-12-06 16:14:17,1
438,Babang - Pulau Bacan,Babang - Pulau Bacan,17,2,-0.62424700,127.60976900,1,2015-11-16 13:48:50,1,2015-12-06 16:14:15,1
439,Batang Dua - Ternate,Batang Dua - Ternate,17,2,1.31907700,126.36416700,1,2015-11-16 14:11:27,1,2015-12-06 16:14:12,1
440,Ferry Waterfront City (Teluk Senimba) - Batam,Ferry Waterfront City (Teluk Senimba) - Batam,5,2,1.07960600,103.92922800,0,2015-11-21 11:14:35,15,2017-06-13 17:50:26,15
441,Batam Centre International - Batam,Batam Centre International - Batam,5,2,1.13324200,104.05577400,1,2015-11-21 11:24:39,15,2017-11-22 10:16:00,15
442,Ferry Nongsa Pura - Batam,Ferry Nongsa Pura - Batam,5,2,1.19447200,104.09505700,0,2015-11-21 11:27:23,15,2017-06-13 17:51:17,15
457,Sausapor - Papua Barat,Sausapor - Papua Barat,44,2,-0.50888800,132.08017400,1,2016-04-05 11:35:07,15,2017-05-05 09:18:35,15
480,Ciwandan - Cilegon,Ciwandan - Cilegon,6,2,-6.01965900,105.95818200,1,2017-08-03 09:37:12,15,0000-00-00 00:00:00,15
443,Subaim - Halmahera Timur,Subaim - Halmahera Timur,17,2,1.12454830,128.11700181,1,2015-12-01 15:40:21,16,2015-12-06 16:14:09,16
461,ASDP Wangi 2,ASDP Wangi 2,14,3,-5.32653200,123.53445200,0,2016-04-30 08:08:14,15,2017-05-05 14:12:19,15
462,Panggulubello, Panggulubello,14,2,-5.33873900,123.53399200,0,2016-04-30 08:09:25,15,2017-05-05 13:24:12,15
444,Waode Buri,Waode Buri,14,2,-4.65621100,123.19677400,1,2015-12-04 10:30:18,15,2016-04-30 08:02:23,15
445,Ereke - Sulawesi Tenggara,Ereke - Sulawesi Tenggara,14,2,-4.78364600,123.16450400,0,2015-12-04 10:36:18,15,2017-05-05 13:26:22,15
446,Pulau Moti - Kep. Halmahera,Pulau Moti - Kep. Halmahera,17,2,0.47654100,127.42128800,1,2015-12-04 17:23:18,15,2017-05-05 09:18:51,15
448,Daruba-Morotai - Halmahera Utara,Daruba-Morotai - Halmahera Utara,17,2,2.05017300,128.27903600,1,2015-12-04 17:56:21,15,2017-05-05 09:18:47,15
449,Pulau Makian - Kep. Halmahera,Pulau Makian - Kep. Halmahera,17,3,0.33207900,127.44150000,1,2015-12-04 18:46:55,15,2017-05-05 09:18:23,15
452,Arar,Arar,44,2,-1.03022589,131.23931467,1,2016-01-18 09:50:52,15,2016-04-30 08:16:04,15
450,Krui - Pesisir Barat,Krui - Pesisir Barat,3,2,-5.18154500,103.93319200,1,2015-12-18 19:26:10,15,2016-05-14 15:45:23,15
451,Waesai - Raja Ampat,Waesai - Raja Ampat,44,2,-0.43359000,130.80542400,1,2015-12-20 15:06:46,15,2017-05-05 09:18:30,15
453,Dermaga PT. Henrison,Dermaga PT. Henrison,44,2,-0.99371287,131.26322875,1,2016-01-18 09:57:22,15,2016-04-30 08:16:12,15
454,Dermaga PT. Petrochina Salawati,Dermaga PT. Petrochina Salawati,44,2,-1.30846111,131.02661708,1,2016-01-18 09:59:06,15,2016-01-19 19:01:19,15
455,Pelayaran Rakyat Sorong,Pelayaran Rakyat Sorong,44,2,-0.88944867,131.26801931,1,2016-01-19 16:44:34,15,2016-04-30 08:15:08,15
456,Dermaga Usaha Mina,Dermaga Usaha Mina,44,2,-0.87788167,131.25069761,1,2016-01-19 16:46:18,15,2016-04-30 08:16:23,15
458,Babo - Papua Barat,Babo - Papua Barat,44,2,-2.54187900,133.45273900,1,2016-04-05 11:46:48,15,2017-05-05 09:17:58,15
459,Misool - Papua Barat,Misool - Papua Barat,44,2,-1.82599183,129.84601883,1,2016-04-05 12:50:11,15,2017-05-05 09:17:43,15
481,PPP Klidang Lor,PPP Klidang Lor,7,2,-6.88133000,109.74986900,1,2017-09-09 08:45:28,15,2017-11-22 10:22:01,15
460,PPI Tenda - Gorontalo,PPI Tenda - Gorontalo,11,9,0.51064700,123.06029800,0,2016-04-12 18:50:58,15,2017-07-15 17:50:59,15
467,ASDP Teluk Bungus,ASDP Teluk Bungus,2,3,-1.03080600,100.39882900,0,2016-09-19 10:59:19,15,2018-08-09 16:26:05,15
463,Amolengo - Kolono Timur,Amolengo - Kolono Timur,14,2,-4.41921900,122.84871000,1,2016-08-17 08:45:36,15,0000-00-00 00:00:00,15
464,Amurang - Minahasa Selatan,Amurang - Minahasa Selatan,11,2,1.19906000,124.55185900,1,2016-08-18 12:40:35,15,2016-09-23 12:58:07,15
465,Likupang - Manado,Likupang - Manado,11,2,1.67487850,125.06088213,0,2016-08-18 14:39:19,15,2017-07-15 17:51:26,15
466,Pananaru - Kepulauan Sangihe,Pananaru - Kepulauan Sangihe,11,2,3.43376903,125.54899053,0,2016-08-18 14:43:15,15,2017-07-15 17:51:33,15
469,Penagi - Natuna,Penagi - Natuna,4,2,3.89194440,108.39166667,1,2017-02-21 12:20:31,15,0000-00-00 00:00:00,15
485,TPI Ie Meulle,TPI Ie Meulle,1,2,5.89595662,95.33580541,1,2017-11-22 09:29:43,15,2017-11-22 09:30:02,15
486,Tanjung Silopo,Tanjung Silopo,12,2,-3.47747761,119.44677020,1,2018-02-13 11:54:13,15,2018-02-13 11:54:37,15
487,Galesong,Galesong,12,2,-5.32407780,119.35595556,1,2018-02-13 11:55:26,15,0000-00-00 00:00:00,15
488,Bangsalae,Bangsalae,12,2,-3.68331466,120.42815710,1,2018-02-13 11:58:22,15,2018-02-13 11:58:54,15
490,Manokwari,Manokwari,44,2,-0.86780200,134.07420000,1,2018-06-09 09:59:38,15,2018-06-11 09:04:20,15
492,PPP Carocok - Tarusan,PPP Carocok - Tarusan,2,5,-1.35233859,100.56533854,1,2018-07-17 11:46:14,15,2018-07-17 11:46:44,15
